,scan,num,charge,exp_neutral_mass,calc_neutral_mass,e-value,xcorr,delta_cn,sp_score,ions_matched,ions_total,plain_peptide,modified_peptide,prev_aa,next_aa,protein,hit,protein_count,modifications,retention_time_sec,sp_rank
6527,32545,1,4,1886.976773,1885.939472,0.000503,2.6242,0.3492,164.6,19,96,HVSALADPPTNPQQQQR,K.HVSALADPPTNPQQQQR.S,K,S,XXX_sp|Q5TEJ8|THMS2_HUMAN,0,1,-,6868.0,1
10598,31272,1,4,1886.977355,1885.939472,0.985,2.237,0.0873,230.3,24,96,HVSALADPPTNPQQQQR,K.HVSALADPPTNPQQQQR.S,K,S,XXX_sp|Q5TEJ8|THMS2_HUMAN,0,1,-,6680.0,1
10906,35798,1,4,2115.060761,2114.017465,0.677,2.2092,0.0309,92.1,16,114,KASGVCTPNSLAGTHRSEDK,R.KASGVCTPNSLAGTHRSEDK.A,R,A,XXX_sp|Q8IVE3|PKHH2_HUMAN,0,1,6_S_57.021464,7361.8,2
11578,31562,1,4,1886.975359,1885.939472,0.0828,2.1513,0.1531,132.1,18,96,HVSALADPPTNPQQQQR,K.HVSALADPPTNPQQQQR.S,K,S,XXX_sp|Q5TEJ8|THMS2_HUMAN,0,1,-,6720.4,1
11790,32382,1,2,1671.905447,1671.895288,0.00559,2.133,0.1685,258.1,10,26,KPRWMLCGTLVSPK,K.KPRWMLCGTLVSPK.I,K,I,XXX_sp|Q86VH2|KIF27_HUMAN,0,1,7_S_57.021464,6842.2,1
12027,32110,1,4,1886.976843,1885.939472,0.26,2.1123,0.1584,105.9,16,96,HVSALADPPTNPQQQQR,K.HVSALADPPTNPQQQQR.S,K,S,XXX_sp|Q5TEJ8|THMS2_HUMAN,0,1,-,6801.0,1
12516,41904,1,2,956.566086,956.565481,0.0768,2.072,0.2733,624.5,10,14,SQLLLDIR,K.SQLLLDIR.D,K,D,XXX_sp|P41240|CSK_HUMAN,0,1,-,8246.6,1
12530,64832,1,3,1677.878171,1677.875992,0.00706,2.0712,0.427,159.9,12,56,NAEIVKGLGMEYNLK,R.NAEIVKGLGMEYNLK.A,R,A,XXX_sp|Q9UEG4|ZN629_HUMAN,0,1,-,12004.0,1
12806,38844,1,5,2806.413618,2805.408593,0.452,2.0506,0.0318,73.9,18,150,AIQPVDGPAALPEVYRDHWGTSAVEK,R.AIQPVDGPAALPEVYRDHWGTSAVEK.S,R,S,XXX_sp|P49815|TSC2_HUMAN,0,1,-,7801.6,1
13278,34758,1,3,897.575557,897.575986,0.693,2.0079,0.1651,390.8,13,24,ILDRLLR,R.ILDRLLR.D,R,D,XXX_sp|P09327|VILI_HUMAN,0,1,-,7206.0,1
13442,54024,1,4,2581.210894,2581.223787,0.805,1.9942,0.0312,70.9,17,132,NHVKNCATLAQRSNVDHSGCSVK,K.NHVKNCATLAQRSNVDHSGCSVK.V,K,V,XXX_sp|Q5TC84|OGRL1_HUMAN,0,1,"6_S_57.021464,20_S_57.021464",10056.9,2
14427,31273,1,5,1886.976743,1885.939472,0.483,1.9105,0.0438,126.7,21,96,HVSALADPPTNPQQQQR,K.HVSALADPPTNPQQQQR.S,K,S,XXX_sp|Q5TEJ8|THMS2_HUMAN,0,1,-,6680.0,1
14501,40224,1,4,1759.970894,1758.999219,0.0938,1.9023,0.2957,131.4,15,84,APYISRLKDITDVLR,R.APYISRLKDITDVLR.Q,R,Q,XXX_sp|Q8TB33|CX024_HUMAN,0,1,-,8004.1,1
14551,9891,1,2,651.406383,651.406795,0.0184,1.8972,0.464,872.6,10,10,HAIALK,K.HAIALK.L,K,L,XXX_sp|P11150|LIPC_HUMAN,0,1,-,3115.2,1
14633,46934,1,4,2279.170894,2277.178702,0.0715,1.891,0.2461,12.6,6,126,VGNAEPGGLLATPSHINMDKLK,K.VGNAEPGGLLATPSHINM[15.9949]DKLK.S,K,S,XXX_sp|P0C1S8|WEE2_HUMAN,0,1,18_V_15.994900,8984.2,26
14675,9667,1,2,651.406772,651.406795,0.0204,1.8873,0.4471,713.3,9,10,HAIALK,K.HAIALK.L,K,L,XXX_sp|P11150|LIPC_HUMAN,0,1,-,3074.4,1
14874,3669,1,3,1123.630658,1123.617199,0.00361,1.869,0.3899,132.3,9,32,KPEPPCRLK,R.KPEPPCRLK.A,R,A,XXX_sp|O75044|SRGP2_HUMAN,0,1,6_S_57.021464,1950.9,1
14918,47320,1,2,1094.645636,1094.646131,0.894,1.8652,0.1366,290.1,7,14,RSHRWLIK,K.RSHRWLIK.K,K,K,XXX_sp|Q9Y520|PRC2C_HUMAN,0,1,-,9042.2,1
15026,48248,1,2,1048.501146,1048.518925,8.47e-05,1.856,0.5132,333.2,8,14,EDEQLLFR,R.EDEQLLFR.H,R,H,XXX_sp|Q7Z407|CSMD3_HUMAN,0,1,-,9182.5,1
15063,36880,1,4,3221.610894,3221.625145,0.0976,1.8536,0.1806,46.1,14,174,VAETCRLVNPHINSASSAINPNASIQAYPK,R.VAETCRLVNPHINSASSAINPNASIQAYPK.A,R,A,XXX_sp|Q03426|KIME_HUMAN,0,1,5_S_57.021464,7517.9,1
15115,18087,1,2,896.581161,896.569504,0.735,1.8485,0.1572,271.0,7,14,KIEPGLLK,K.KIEPGLLK.K,K,K,XXX_sp|Q9NQW6|ANLN_HUMAN,0,1,-,4552.2,3
15163,36951,1,3,2177.108171,2176.123161,0.101,1.8444,0.1885,80.2,15,80,TGLGVSAVQMPSSPMITTKQK,K.TGLGVSAVQMPSSPM[15.9949]ITTKQK.Q,K,Q,XXX_sp|A6NNS2|DRS7C_HUMAN,0,1,15_V_15.994900,7527.8,1
15205,66639,1,4,2590.291996,2590.342473,0.178,1.8395,0.0555,31.0,12,132,SLRHLEVGSALKETSDMISQFVK,R.SLRHLEVGSALKETSDM[15.9949]ISQFVK.T,R,T,XXX_sp|P14735|IDE_HUMAN,0,1,17_V_15.994900,12432.5,2
15292,8762,1,3,925.582764,925.582134,0.374,1.8314,0.0076,435.2,14,28,LRQLLGAR,R.LRQLLGAR.Q,R,Q,XXX_sp|Q8N1N4|K2C78_HUMAN,0,1,-,2907.6,3
15355,66643,1,3,2387.187932,2386.172628,0.35,1.8256,0.0055,39.7,9,88,DISEYQIVGATSYPTAALASAMK,R.DISEYQIVGATSYPTAALASAMK.F,R,F,XXX_sp|O14980|XPO1_HUMAN,0,1,-,12432.9,51
15378,15109,1,4,1834.970894,1834.961119,0.0789,1.8235,0.1577,69.3,14,90,KVDDLVHADPICQVVK,K.KVDDLVHADPICQVVK.E,K,E,XXX_sp|Q6P1W5|CA094_HUMAN,0,1,12_S_57.021464,4048.5,1
15391,47975,1,2,1048.505447,1048.518925,0.000124,1.8228,0.5171,336.2,8,14,EDEQLLFR,R.EDEQLLFR.H,R,H,XXX_sp|Q7Z407|CSMD3_HUMAN,0,1,-,9141.8,1
15675,50823,1,4,2533.170894,2533.175482,0.00972,1.7961,0.3792,31.8,10,138,INIGMPDDDLREEAGANSTPYAGK,R.INIGMPDDDLREEAGANSTPYAGK.R,R,R,XXX_sp|Q7Z7G8|VP13B_HUMAN,0,1,-,9567.1,1
15677,23807,1,2,701.432332,701.432341,0.402,1.7959,0.0444,550.7,8,10,ISLELK,-.ISLELK.K,-,K,"XXX_sp|Q69YI7|NAIF1_HUMAN,XXX_sp|Q8IXQ6|PARP9_HUMAN",0,2,-,5488.4,1
15692,31276,1,3,1886.978692,1885.939472,0.112,1.7946,0.1962,179.9,16,64,HVSALADPPTNPQQQQR,K.HVSALADPPTNPQQQQR.S,K,S,XXX_sp|Q5TEJ8|THMS2_HUMAN,0,1,-,6680.3,1
15763,2665,1,2,847.467201,847.466435,0.757,1.7871,0.1929,407.0,8,10,REPKYR,K.REPKYR.L,K,L,XXX_sp|Q8WVF2|UCMA_HUMAN,0,1,-,1730.4,1
15837,7320,1,3,1250.590611,1250.5925,0.0345,1.7798,0.3027,69.2,9,48,SKAASSGDMAQAK,R.SKAASSGDMAQAK.K,R,K,XXX_sp|Q04741|EMX1_HUMAN,0,1,-,2647.8,2
15882,45957,1,4,2401.210894,2401.239009,2.21,1.7759,0.0596,37.4,12,120,WDEPALVERSLAHTLDSPLPR,R.WDEPALVERSLAHTLDSPLPR.I,R,I,XXX_sp|Q96DW6|S2538_HUMAN,0,1,-,8830.7,5
15883,29105,1,4,2405.210894,2404.234652,0.28,1.7759,0.0826,48.7,13,132,KKVSGQSQGLVHNSDSAAYSTIK,K.KKVSGQSQGLVHNSDSAAYSTIK.G,K,G,XXX_sp|P32754|HPPD_HUMAN,0,1,-,6349.6,2
15897,5249,1,2,1216.602246,1216.60094,0.0488,1.7744,0.1116,264.4,8,20,ISPLMPTTDDK,-.ISPLMPTTDDK.E,-,E,XXX_sp|Q96PV4|PNMA5_HUMAN,0,1,-,2250.6,1
15912,43587,1,5,3523.713618,3523.678547,0.275,1.7734,0.1448,30.3,12,174,IPYMSLEADMLGSNPMRLITEQVNEWQTNK,-.IPYMSLEADMLGSNPM[15.9949]RLITEQVNEWQTNK.L,-,L,XXX_sp|P25815|S100P_HUMAN,0,1,16_V_15.994900,8490.4,1
16022,26531,1,4,1509.852889,1509.870119,0.435,1.7614,0.1539,47.8,9,72,VLTPMIRSPLVER,K.VLTPMIRSPLVER.S,K,S,XXX_sp|Q14574|DSC3_HUMAN,0,1,-,5932.5,17
16051,2930,1,3,1456.770678,1456.745647,0.246,1.7587,0.1004,69.0,10,44,RPLMETEPSNKR,K.RPLMETEPSNKR.Q,K,Q,XXX_sp|Q15078|CD5R1_HUMAN,0,1,-,1795.3,1
16053,31836,1,4,1886.976022,1885.939472,0.324,1.7585,0.0849,109.6,16,96,HVSALADPPTNPQQQQR,K.HVSALADPPTNPQQQQR.S,K,S,XXX_sp|Q5TEJ8|THMS2_HUMAN,0,1,-,6760.9,1
16196,45899,1,2,1325.766282,1325.781956,0.553,1.7451,0.117,202.3,7,22,KPASHGTKFIIK,K.KPASHGTKFIIK.F,K,F,XXX_sp|P40763|STAT3_HUMAN,0,1,-,8821.6,1
16219,26957,1,2,819.460509,819.471521,0.254,1.7428,0.0096,435.7,8,10,RLTQFR,R.RLTQFR.A,R,A,XXX_sp|P56706|WNT7B_HUMAN,0,1,-,6001.0,1
16274,62524,1,3,1432.881273,1432.865351,2.59e-05,1.7385,0.4804,47.4,9,48,TKLLFGGELKVTK,K.TKLLFGGELKVTK.E,K,E,XXX_sp|Q92913|FGF13_HUMAN,0,1,-,11538.8,1
16310,58129,1,4,2336.090894,2335.098829,0.0205,1.7353,0.3415,44.4,10,114,EHLAMGHTANARHNYQLSNR,R.EHLAM[15.9949]GHTANARHNYQLSNR.Q,R,Q,XXX_sp|Q13472|TOP3A_HUMAN,0,1,5_V_15.994900,10718.7,1
16322,2825,1,2,847.467471,847.466435,0.372,1.7346,0.1421,399.2,8,10,REPKYR,K.REPKYR.L,K,L,XXX_sp|Q8WVF2|UCMA_HUMAN,0,1,-,1771.2,1
16325,31857,1,3,1564.778171,1564.784535,0.101,1.7344,0.161,99.2,12,48,SQPLERTYSSLER,R.SQPLERTYSSLER.D,R,D,XXX_sp|O00744|WN10B_HUMAN,0,1,-,6763.6,1
16369,3374,1,3,1194.634617,1194.639708,0.103,1.7301,0.0763,353.1,15,36,LSHEVWPSLK,K.LSHEVWPSLK.S,K,S,XXX_sp|Q9BTC0|DIDO1_HUMAN,0,1,-,1890.8,1
16373,17028,1,4,2107.045081,2106.044925,0.492,1.7294,0.0511,47.5,13,108,TIEANASKESAQLQMVCVK,K.TIEANASKESAQLQMVCVK.C,K,C,XXX_sp|Q8NCQ5|FBX15_HUMAN,0,1,17_S_57.021464,4369.8,2
16405,31146,1,5,3181.563618,3180.605975,0.994,1.7258,0.0548,21.1,11,162,KPGNQNWAVSPVLLMLECLPGNDDKNKK,K.KPGNQNWAVSPVLLM[15.9949]LECLPGNDDKNKK.L,K,L,XXX_sp|O60645|EXOC3_HUMAN,0,1,"15_V_15.994900,18_S_57.021464",6662.2,2
16506,23028,1,4,2562.286114,2560.262508,1.39,1.7171,0.0027,29.8,13,144,AQTGANPGLSSGQIGMQILDQLMSK,R.AQTGANPGLSSGQIGM[15.9949]QILDQLMSK.R,R,R,XXX_sp|P13807|GYS1_HUMAN,0,1,16_V_15.994900,5370.5,2
16515,16465,1,2,1055.545447,1055.543351,0.00181,1.7166,0.4585,260.0,9,18,VDLAHGMVAK,K.VDLAHGM[15.9949]VAK.A,K,A,XXX_sp|Q12830|BPTF_HUMAN,0,1,7_V_15.994900,4277.5,1
16529,62539,1,2,1011.558031,1011.553536,0.00342,1.7152,0.4608,299.7,9,14,KENHIMIK,R.KENHIMIK.T,R,T,XXX_sp|P57060|RWD2B_HUMAN,0,1,-,11541.4,1
16582,23532,1,2,701.431873,701.432341,1.41,1.71,0.0645,608.0,8,10,ISLELK,-.ISLELK.K,-,K,"XXX_sp|Q69YI7|NAIF1_HUMAN,XXX_sp|Q8IXQ6|PARP9_HUMAN",0,2,-,5447.8,1
16643,42166,1,4,1974.018437,1972.981397,2.76,1.7031,0.035,50.2,15,108,RDTATKSAPEEADVLSGAR,R.RDTATKSAPEEADVLSGAR.G,R,G,XXX_sp|Q9P2K8|E2AK4_HUMAN,0,1,-,8284.5,5
16708,27509,1,2,701.367935,701.370804,0.272,1.6976,0.1408,411.0,8,10,EDALVR,R.EDALVR.N,R,N,XXX_sp|Q3MIT2|PUS10_HUMAN,0,1,-,6084.8,1
16745,56905,1,2,1286.720839,1286.719415,0.00189,1.6949,0.4485,154.1,7,22,SALKAQSTKEPK,K.SALKAQSTKEPK.G,K,G,XXX_sp|P34947|GRK5_HUMAN,0,1,-,10520.6,1
16804,65206,1,3,1592.888171,1592.877373,0.0236,1.6903,0.3639,60.9,8,52,TSKKIEGGELIYQK,K.TSKKIEGGELIYQK.G,K,G,"XXX_sp|Q3T8J9|GON4L_HUMAN,XXX_sp|Q9H869|YYAP1_HUMAN",0,2,-,12075.2,2
16811,31839,1,5,1886.97772,1885.939472,0.696,1.6895,0.0949,95.3,18,96,HVSALADPPTNPQQQQR,K.HVSALADPPTNPQQQQR.S,K,S,XXX_sp|Q5TEJ8|THMS2_HUMAN,0,1,-,6761.4,1
16830,4829,1,2,1168.584025,1168.57981,0.181,1.6879,0.0145,301.6,8,16,KEYMTLQEK,R.KEYMTLQEK.A,R,A,XXX_sp|Q16512|PKN1_HUMAN,0,1,-,2172.6,1
16849,57740,1,3,1908.935418,1908.942886,0.00461,1.686,0.2645,91.6,11,68,SAKSNISDGQEGLYEAIK,K.SAKSNISDGQEGLYEAIK.K,K,K,XXX_sp|Q9NZN9|AIPL1_HUMAN,0,1,-,10656.6,1
16874,31568,1,5,1886.973678,1885.939472,0.122,1.6841,0.1538,126.9,22,96,HVSALADPPTNPQQQQR,K.HVSALADPPTNPQQQQR.S,K,S,XXX_sp|Q5TEJ8|THMS2_HUMAN,0,1,-,6721.2,1
16921,32114,1,5,1886.973495,1885.939472,0.327,1.6807,0.1331,79.4,17,96,HVSALADPPTNPQQQQR,K.HVSALADPPTNPQQQQR.S,K,S,XXX_sp|Q5TEJ8|THMS2_HUMAN,0,1,-,6801.8,1
16961,1990,1,4,1761.831973,1760.86145,1.07,1.6766,0.027,95.8,18,96,TGMFILSQSSSSASKSK,K.TGM[15.9949]FILSQSSSSASKSK.L,K,L,XXX_sp|Q86YM7|HOME1_HUMAN,0,1,3_V_15.994900,1610.5,3
17028,45759,1,2,945.506388,945.503215,0.0744,1.6709,0.016,239.4,7,14,SNNLFPVR,R.SNNLFPVR.L,R,L,XXX_sp|Q15652|JHD2C_HUMAN,0,1,-,8800.3,1
17036,26222,1,4,1757.810894,1756.784554,0.377,1.6702,0.1587,50.3,10,78,HRAMSRHMQEESSR,R.HRAMSRHM[15.9949]QEESSR.L,R,L,XXX_sp|P22607|FGFR3_HUMAN,0,1,8_V_15.994900,5883.9,2
17054,5305,1,2,899.516003,899.518865,0.0921,1.6692,0.21,316.7,9,16,AGIATPSKR,K.AGIATPSKR.Q,K,Q,XXX_sp|Q96K76|UBP47_HUMAN,0,1,-,2258.3,1
17080,7978,1,4,2182.099668,2180.098115,0.342,1.6672,0.1069,34.6,12,114,EGAGINKGRPGSSHQLCTRR,R.EGAGINKGRPGSSHQLCTRR.E,R,E,XXX_sp|Q8NEH6|MNS1_HUMAN,0,1,17_S_57.021464,2765.7,1
17094,55877,1,2,2133.025447,2133.016068,0.0314,1.6661,0.2026,49.1,7,36,SEGAENQQLMHLKESFSAK,K.SEGAENQQLMHLKESFSAK.L,K,L,XXX_sp|Q6P4R8|NFRKB_HUMAN,0,1,-,10347.1,1
17133,32386,1,5,1886.973596,1885.939472,0.187,1.6629,0.0253,71.3,16,96,HVSALADPPTNPQQQQR,K.HVSALADPPTNPQQQQR.S,K,S,XXX_sp|Q5TEJ8|THMS2_HUMAN,0,1,-,6842.8,1
17136,14436,1,2,813.542793,813.53239,0.0626,1.6627,0.0563,291.4,7,12,KVEVLVK,K.KVEVLVK.Q,K,Q,XXX_sp|O60242|AGRB3_HUMAN,0,1,-,3929.9,4
17143,18322,1,2,844.492149,844.487899,1.01,1.6621,0.0536,346.6,8,12,RSDRLAK,K.RSDRLAK.E,K,E,XXX_sp|Q9BTK6|PAGR1_HUMAN,0,1,-,4593.8,2
17179,19259,1,4,1734.930602,1734.960148,0.294,1.6586,0.0835,67.7,16,84,RQSSHDSIRGRPIVK,K.RQSSHDSIRGRPIVK.K,K,K,XXX_sp|P56693|SOX10_HUMAN,0,1,-,4762.0,1
17192,7811,1,5,2182.100731,2180.093407,0.499,1.6576,0.0783,16.9,8,120,GEAGARSLVNGREVPEPTGER,R.GEAGARSLVNGREVPEPTGER.L,R,L,XXX_sp|A6NLJ0|C2C4B_HUMAN,0,1,-,2735.6,7
17223,7475,1,3,1024.439384,1024.439628,0.113,1.6548,0.0314,77.2,7,32,SSSMFHSSR,R.SSSMFHSSR.A,R,A,XXX_sp|Q68CJ6|SLIP_HUMAN,0,1,-,2674.4,1
17417,51503,1,2,861.496108,861.496004,0.00539,1.6379,0.0247,405.2,9,14,IFDLGIGK,R.IFDLGIGK.A,R,A,XXX_sp|Q9Y371|SHLB1_HUMAN,0,1,-,9668.1,2
17481,30119,1,3,1545.728171,1545.751067,0.0425,1.6327,0.0979,84.1,7,40,WREHEMLINYR,R.WREHEMLINYR.E,R,E,XXX_sp|O95231|VENTX_HUMAN,0,1,-,6503.8,1
17491,49089,1,2,1137.516237,1137.512459,0.112,1.632,0.2905,335.0,8,16,ETGWCKTEK,K.ETGWCKTEK.G,K,G,XXX_sp|Q9BXF3|CECR2_HUMAN,0,1,5_S_57.021464,9307.0,1
17508,55833,1,3,2062.014951,2062.041829,0.15,1.6303,0.2046,44.2,9,68,VPTTPDHVYPVGSHRICK,R.VPTTPDHVYPVGSHRICK.S,R,S,"XXX_sp|B7U540|KCJ18_HUMAN,XXX_sp|Q14500|KCJ12_HUMAN",0,2,17_S_57.021464,10339.5,2
17516,11485,1,2,798.507307,798.507572,0.904,1.6299,0.0956,475.0,8,10,RLELIR,R.RLELIR.T,R,T,"XXX_sp|Q9BSW2|EFC4B_HUMAN,XXX_sp|Q9HCD6|TANC2_HUMAN,XXX_sp|Q9H0U9|TSYL1_HUMAN",0,3,-,3413.4,2
17529,17587,1,3,1216.632065,1215.628158,0.485,1.6287,0.1785,102.5,11,44,CAVLADGIVGNK,R.CAVLADGIVGNK.V,R,V,XXX_sp|Q9BTC8|MTA3_HUMAN,0,1,1_S_57.021464,4464.8,10
17617,53846,1,2,1258.745447,1256.746574,0.187,1.6203,0.2105,105.0,7,18,RLYRVGLPQR,R.RLYRVGLPQR.R,R,R,XXX_sp|P13807|GYS1_HUMAN,0,1,-,10029.8,1
17644,60854,1,4,2046.160366,2045.140858,1.16,1.6174,0.0295,35.8,9,114,IEALDIGPASVSKAIALYSK,K.IEALDIGPASVSKAIALYSK.L,K,L,XXX_sp|Q69YN4|VIR_HUMAN,0,1,-,11214.5,19
17649,18316,1,4,2008.050894,2007.010863,0.11,1.6171,0.0008,66.8,15,102,SRHMLTVDHFAAALPADR,R.SRHMLTVDHFAAALPADR.L,R,L,XXX_sp|Q9C0B5|ZDHC5_HUMAN,0,1,-,4592.6,1
17657,16272,1,2,599.365447,599.364262,4.71,1.6167,0.1802,600.2,8,8,KPLDK,R.KPLDK.D,R,D,"XXX_sp|Q9BY07|S4A5_HUMAN,XXX_sp|O14578|CTRO_HUMAN",0,2,-,4243.0,1
17664,42346,1,3,1758.878171,1757.898185,1.09,1.6162,0.0435,50.4,10,64,TIASLQDVGASIAMEPR,K.TIASLQDVGASIAMEPR.S,K,S,XXX_sp|O14815|CAN9_HUMAN,0,1,-,8309.2,8
17666,27112,1,3,2471.270766,2471.298834,0.439,1.616,0.1417,30.5,9,84,AEISREAMIRIDILTMPGNLGR,R.AEISREAM[15.9949]IRIDILTMPGNLGR.N,R,N,XXX_sp|Q8N612|FHI1B_HUMAN,0,1,8_V_15.994900,6025.1,3
17704,34947,1,2,798.505447,798.496339,0.0289,1.613,0.3531,382.6,8,12,KPNLLSK,R.KPNLLSK.L,R,L,XXX_sp|P57678|GEMI4_HUMAN,0,1,-,7232.9,1
17709,22016,1,2,690.406413,690.406461,0.0439,1.6125,0.0764,380.8,8,12,AAALAFK,R.AAALAFK.Q,R,Q,XXX_sp|P25391|LAMA1_HUMAN,0,1,-,5210.0,2
17757,31837,1,2,1129.634371,1129.634289,0.365,1.6075,0.0619,199.5,10,20,NLGTVLDSAIK,K.NLGTVLDSAIK.I,K,I,XXX_sp|Q9BX84|TRPM6_HUMAN,0,1,-,6761.0,1
17775,23569,1,4,2085.130894,2084.126605,0.223,1.6065,0.2244,50.1,13,114,LSNSLAGSSLYRIISYGVGK,K.LSNSLAGSSLYRIISYGVGK.V,K,V,XXX_sp|Q86Y56|DAAF5_HUMAN,0,1,-,5453.1,1
17810,39361,1,4,2397.212488,2395.234317,0.231,1.6037,0.1867,31.6,13,138,LGSTSLRPTESAAPGDLEPGLATR,K.LGSTSLRPTESAAPGDLEPGLATR.A,K,A,XXX_sp|P78413|IRX4_HUMAN,0,1,-,7877.9,5
17861,19497,1,4,1734.929305,1732.947184,0.958,1.598,0.0263,40.4,13,96,KIAPEVAPVNVDATGPR,K.KIAPEVAPVNVDATGPR.T,K,T,XXX_sp|Q969R8|ITFG2_HUMAN,0,1,-,4802.8,2
17880,30594,1,4,2395.130894,2394.105614,0.973,1.5959,0.0199,32.9,10,114,RQRQDDVGWVESMSSPTLCK,R.RQRQDDVGWVESM[15.9949]SSPTLCK.S,R,S,XXX_sp|Q96PU5|NED4L_HUMAN,0,1,"13_V_15.994900,19_S_57.021464",6578.7,5
17892,21807,1,3,930.528885,930.528701,0.0458,1.595,0.3303,81.7,8,28,KLAPSPYR,K.KLAPSPYR.L,K,L,XXX_sp|O14638|ENPP3_HUMAN,0,1,-,5175.0,2
17912,34284,1,3,1911.900149,1909.913837,0.0182,1.5935,0.307,67.8,8,60,RCHVHIDEISGEIMAK,R.RCHVHIDEISGEIM[15.9949]AK.H,R,H,XXX_sp|A6NGC4|TLCD2_HUMAN,0,1,"2_S_57.021464,14_V_15.994900",7133.2,1
17946,23924,1,4,2110.130894,2110.146277,0.686,1.5908,0.0068,17.2,6,108,ISSYAYAPERFPTVVIGIK,K.ISSYAYAPERFPTVVIGIK.D,K,D,XXX_sp|P05186|PPBT_HUMAN,0,1,-,5505.2,28
17951,19056,1,2,854.476223,854.486168,0.0571,1.59,0.2517,237.9,6,14,DSKPPLAK,K.DSKPPLAK.Q,K,Q,XXX_sp|Q9H7Z6|KAT8_HUMAN,0,1,-,4728.6,1
18014,8491,1,4,1690.880194,1688.880561,0.102,1.5846,0.0847,39.1,10,90,GSSRNSKPSATSLEIR,K.GSSRNSKPSATSLEIR.L,K,L,"XXX_sp|Q9HCM2|PLXA4_HUMAN,XXX_sp|O75051|PLXA2_HUMAN",0,2,-,2859.1,4
18020,54501,1,2,1152.687355,1152.697892,0.308,1.5843,0.0727,330.7,10,20,NASAARPIIIK,K.NASAARPIIIK.L,K,L,XXX_sp|Q9HC36|MRM3_HUMAN,0,1,-,10124.6,2
18032,34073,1,2,758.432436,758.436032,0.0449,1.5825,0.3093,294.8,7,12,MPGVVLK,R.M[15.9949]PGVVLK.Q,R,Q,XXX_sp|P22105|TENX_HUMAN,0,1,1_V_15.994900,7102.5,1
18039,50597,1,2,721.459789,721.459893,2.7,1.5817,0.0258,523.5,8,10,LALHLR,K.LALHLR.Y,K,Y,XXX_sp|P08621|RU17_HUMAN,0,1,-,9536.0,1
18056,51446,1,3,1554.677908,1553.670627,0.748,1.5802,0.1471,197.5,17,56,GINNHGESPDSGDQK,K.GINNHGESPDSGDQK.T,K,T,XXX_sp|Q8IZF2|AGRF5_HUMAN,0,1,-,9660.0,1
18079,40044,1,5,3329.663618,3329.700601,0.172,1.5787,0.1181,26.1,10,174,EPLGDVGGNYVLSWGSYVMTLKKLGQDYLK,K.EPLGDVGGNYVLSWGSYVMTLKKLGQDYLK.I,K,I,XXX_sp|Q6P1W5|CA094_HUMAN,0,1,-,7978.0,1
18110,7269,1,2,987.499043,987.509757,0.0635,1.576,0.2127,203.8,7,16,AEIRTGGER,R.AEIRTGGER.T,R,T,XXX_sp|Q96T37|RBM15_HUMAN,0,1,-,2637.1,1
18113,61074,1,2,1083.603914,1083.603657,0.0591,1.5759,0.2696,191.2,7,18,NLVSPRDVGK,R.NLVSPRDVGK.L,R,L,XXX_sp|Q96S06|LMF1_HUMAN,0,1,-,11256.3,1
18122,66609,1,3,2608.261624,2606.294477,0.419,1.5751,0.1173,37.5,12,84,IFQAMDLIGSQMLEERARTEPR,R.IFQAMDLIGSQM[15.9949]LEERARTEPR.N,R,N,XXX_sp|Q6U949|IG2AS_HUMAN,0,1,12_V_15.994900,12429.7,4
18138,36894,1,2,971.511249,971.515025,0.444,1.5732,0.014,286.6,7,14,IFYSMALK,R.IFYSMALK.L,R,L,XXX_sp|Q93033|IGSF2_HUMAN,0,1,-,7519.6,1
18151,37173,1,4,3221.610894,3221.625145,0.856,1.5723,0.0366,15.5,9,174,VAETCRLVNPHINSASSAINPNASIQAYPK,R.VAETCRLVNPHINSASSAINPNASIQAYPK.A,R,A,XXX_sp|Q03426|KIME_HUMAN,0,1,5_S_57.021464,7558.5,2
18156,45182,1,2,980.639781,980.638252,0.13,1.5715,0.0277,318.4,9,16,LPLLSAVLR,R.LPLLSAVLR.N,R,N,XXX_sp|P0CG43|F157C_HUMAN,0,1,-,8715.5,1
18161,42902,1,3,1356.796411,1356.816278,0.532,1.5711,0.0127,75.5,6,40,QMVVKILELIR,K.QM[15.9949]VVKILELIR.A,K,A,XXX_sp|Q3KNV8|PCGF3_HUMAN,0,1,2_V_15.994900,8390.7,2
18195,41965,1,4,1577.730894,1576.755543,0.105,1.5677,0.2493,24.9,6,78,EAAFQMEPDASLIR,K.EAAFQMEPDASLIR.R,K,R,XXX_sp|Q5T5P2|SKT_HUMAN,0,1,-,8255.4,6
18209,60619,1,4,2100.090894,2098.120459,0.205,1.5661,0.0561,41.7,10,120,EKGAPSPRAMAVTVSQLGGVK,K.EKGAPSPRAM[15.9949]AVTVSQLGGVK.K,K,K,XXX_sp|Q96FJ0|STALP_HUMAN,0,1,10_V_15.994900,11170.7,1
18219,22880,1,3,1503.698171,1501.716121,0.0264,1.5653,0.3165,39.0,10,52,SANHPLASSQEYAK,R.SANHPLASSQEYAK.T,R,T,XXX_sp|Q9Y3B2|EXOS1_HUMAN,0,1,-,5348.3,1
18231,17857,1,2,896.585447,896.569504,1.09,1.5641,0.116,282.1,7,14,KIEPGLLK,K.KIEPGLLK.K,K,K,XXX_sp|Q9NQW6|ANLN_HUMAN,0,1,-,4509.5,1
18255,17666,1,3,1258.658171,1256.630206,0.186,1.5622,0.0591,125.1,10,32,SRYNLYQWK,R.SRYNLYQWK.E,R,E,XXX_sp|Q7Z404|TMC4_HUMAN,0,1,-,4477.5,1
18258,6108,1,2,1073.546858,1073.550559,0.0856,1.5617,0.2183,191.7,9,18,VINNPFDGAK,R.VINNPFDGAK.A,R,A,XXX_sp|Q9NZB2|F120A_HUMAN,0,1,-,2416.4,1
18262,40347,1,5,3920.963618,3921.012844,0.517,1.5614,0.1151,7.7,7,204,KELSYMPQELDNGMTLPTIIESQIIGNNRPPAPVR,R.KELSYMPQELDNGMTLPTIIESQIIGNNRPPAPVR.V,R,V,XXX_sp|Q9UPW5|CBPC1_HUMAN,0,1,-,8023.3,1
18281,38666,1,5,2785.376968,2783.358185,0.246,1.5592,0.077,34.6,13,150,MTIGVLNSTSSNKAGMHSSKSNPYLK,K.M[15.9949]TIGVLNSTSSNKAGM[15.9949]HSSKSNPYLK.W,K,W,XXX_sp|Q5VWZ2|LYPL1_HUMAN,0,1,"1_V_15.994900,16_V_15.994900",7774.8,1
18294,48859,1,4,2579.250894,2579.287615,0.125,1.5576,0.2119,14.3,8,132,TIGEGMSFTSLKLAMKQWPPDSR,K.TIGEGMSFTSLKLAMKQWPPDSR.Q,K,Q,XXX_sp|Q6UXH1|CREL2_HUMAN,0,1,-,9271.5,14
18329,53984,1,4,2113.050894,2111.031718,0.774,1.5545,0.0585,35.2,11,114,LDVADSVKETGMASKGGYQR,R.LDVADSVKETGMASKGGYQR.E,R,E,XXX_sp|Q969Z3|MARC2_HUMAN,0,1,-,10051.2,7
18335,27226,1,4,1589.890894,1587.905653,0.651,1.554,0.0353,96.3,12,78,QVSSLKSLTRLNSR,R.QVSSLKSLTRLNSR.L,R,L,XXX_sp|Q13002|GRIK2_HUMAN,0,1,-,6041.8,1
18336,50699,1,3,1998.068171,1998.075906,0.624,1.5538,0.0495,45.2,11,72,AIGATRVPSAIYNAKHSSR,R.AIGATRVPSAIYNAKHSSR.K,R,K,XXX_sp|Q9BSE4|HERP2_HUMAN,0,1,-,9550.4,6
18361,10670,1,2,711.464321,711.46431,1.3,1.5508,0.0251,604.4,9,10,KNIPLK,R.KNIPLK.R,R,R,XXX_sp|P0C6C1|AN34C_HUMAN,0,1,-,3258.1,1
18367,15039,1,2,741.474309,741.474875,1.08,1.5502,0.0426,312.8,10,14,IGAGALIK,K.IGAGALIK.N,K,N,XXX_sp|O95925|EPPI_HUMAN,0,1,-,4035.7,1
18373,2615,1,3,953.539091,953.544686,0.594,1.5497,0.1116,105.3,8,28,LWINGPVR,R.LWINGPVR.L,R,L,XXX_sp|P29320|EPHA3_HUMAN,0,1,-,1719.2,1
18385,21337,1,3,1555.793477,1554.794312,0.274,1.5481,0.1834,90.6,9,48,KPHPGYWSSQQIK,K.KPHPGYWSSQQIK.H,K,H,XXX_sp|Q14690|RRP5_HUMAN,0,1,-,5095.8,3
18419,43523,1,4,1981.970894,1980.002467,0.128,1.5454,0.2457,23.0,11,108,KQAAPATSHTGDQSIAEIR,R.KQAAPATSHTGDQSIAEIR.L,R,L,XXX_sp|Q86TH1|ATL2_HUMAN,0,1,-,8480.7,1
18424,30178,1,3,2332.238171,2332.228295,0.409,1.545,0.2262,27.0,8,76,QLLVMVTALQIEFPQMVNSR,R.QLLVMVTALQIEFPQM[15.9949]VNSR.T,R,T,XXX_sp|Q92752|TENR_HUMAN,0,1,16_V_15.994900,6512.7,1
18455,17994,1,2,856.545447,856.549437,0.68,1.5412,0.0402,275.5,9,14,KNKGLGLK,R.KNKGLGLK.S,R,S,XXX_sp|Q9NNW7|TRXR2_HUMAN,0,1,-,4536.2,2
18462,8038,1,2,1045.60379,1045.601926,0.1,1.5403,0.2737,247.5,8,18,SVLTDTVIAK,K.SVLTDTVIAK.K,K,K,XXX_sp|Q9UBE0|SAE1_HUMAN,0,1,-,2776.1,1
18495,42171,1,3,1809.939208,1809.927451,0.0684,1.5377,0.2085,40.1,8,52,HLIEYYRLNAPHER,R.HLIEYYRLNAPHER.D,R,D,XXX_sp|Q9HB65|ELL3_HUMAN,0,1,-,8285.6,1
18505,16562,1,2,908.585447,908.580737,0.0153,1.5368,0.0596,313.1,9,14,RIPSIVPK,R.RIPSIVPK.A,R,A,XXX_sp|Q9HB65|ELL3_HUMAN,0,1,-,4292.2,1
18553,64743,1,2,955.643227,955.629084,0.332,1.532,0.3221,204.1,6,14,VARITLKR,K.VARITLKR.E,K,E,XXX_sp|Q9NSC7|SIA7A_HUMAN,0,1,-,11988.6,1
18555,28237,1,4,2207.130894,2206.100509,0.888,1.5319,0.0596,24.4,13,120,DSASVVSDTLAIEVWSTIADK,R.DSASVVSDTLAIEVWSTIADK.R,R,R,XXX_sp|Q7Z3G6|PRIC2_HUMAN,0,1,-,6207.8,8
18581,35701,1,3,1266.728171,1264.715273,1.42,1.5289,0.0899,104.2,8,36,KRNYHHLLGK,K.KRNYHHLLGK.N,K,N,XXX_sp|Q8NEZ4|KMT2C_HUMAN,0,1,-,7349.2,1
18593,43307,1,2,1019.540948,1018.529489,0.23,1.5281,0.144,148.5,7,18,KGETLEASGK,K.KGETLEASGK.S,K,S,XXX_sp|Q8TBY9|CF251_HUMAN,0,1,-,8447.2,3
18599,31933,1,3,1510.836935,1510.861997,0.348,1.5278,0.0339,37.2,7,52,GWANTSRVVAIPLK,R.GWANTSRVVAIPLK.D,R,D,XXX_sp|Q7RTT3|SSX9_HUMAN,0,1,-,6774.7,22
18602,51123,1,2,1089.552417,1089.548845,0.00908,1.5277,0.3291,240.1,8,16,NLISNCEIK,K.NLISNCEIK.W,K,W,XXX_sp|Q7L1V2|MON1B_HUMAN,0,1,6_S_57.021464,9610.9,1
18603,60634,1,4,2046.160926,2044.168076,1.33,1.5277,0.0037,72.8,14,108,LAEGLKDGALINFSVTLKR,K.LAEGLKDGALINFSVTLKR.Q,K,Q,XXX_sp|Q8N7Q3|ZN676_HUMAN,0,1,-,11173.5,2
18623,38649,1,3,1742.918171,1742.94143,0.454,1.5259,0.1256,117.9,11,60,QTSEPIDSKAKIELGK,K.QTSEPIDSKAKIELGK.A,K,A,XXX_sp|Q9NXG0|CNTLN_HUMAN,0,1,-,7771.9,1
18626,5503,1,2,1259.581619,1259.575062,1.5,1.5257,0.133,93.7,5,20,MKQGVGCHAEK,K.M[15.9949]KQGVGCHAEK.-,K,-,XXX_sp|Q9H5V9|STEEP_HUMAN,0,1,"1_V_15.994900,7_S_57.021464",2295.1,3
18650,31569,1,3,1886.974388,1885.939472,0.108,1.523,0.2811,87.0,13,64,HVSALADPPTNPQQQQR,K.HVSALADPPTNPQQQQR.S,K,S,XXX_sp|Q5TEJ8|THMS2_HUMAN,0,1,-,6721.3,1
18655,30921,1,4,2359.210894,2357.198406,0.505,1.5228,0.0154,30.7,8,114,SLGLHNMLSNKITWKCEAQK,K.SLGLHNMLSNKITWKCEAQK.S,K,S,XXX_sp|Q15058|KIF14_HUMAN,0,1,16_S_57.021464,6627.7,2
18656,58560,1,4,2174.01332,2174.028013,0.346,1.5227,0.2462,31.0,9,126,GGLANGYDAGAASSGENFILYK,K.GGLANGYDAGAASSGENFILYK.L,K,L,XXX_sp|Q9HCE0|EPG5_HUMAN,0,1,-,10790.7,2
18675,34668,1,2,1427.725315,1427.74425,0.0407,1.5215,0.0642,80.7,7,24,LTGIPCVLEAEAR,K.LTGIPCVLEAEAR.D,K,D,XXX_sp|Q3ZCV2|LEXM_HUMAN,0,1,6_S_57.021464,7192.5,2
18686,32213,1,3,1886.97498,1885.939472,0.174,1.5207,0.1961,52.3,10,64,HVSALADPPTNPQQQQR,K.HVSALADPPTNPQQQQR.S,K,S,XXX_sp|Q5TEJ8|THMS2_HUMAN,0,1,-,6816.3,1
18713,22762,1,4,1941.985238,1942.011969,0.456,1.5178,0.0976,22.9,8,102,KGEQQVVEASGKIEGDLR,K.KGEQQVVEASGKIEGDLR.E,K,E,XXX_sp|Q9Y3P9|RBGP1_HUMAN,0,1,-,5328.6,16
18727,33216,1,3,1980.045997,1979.043603,0.153,1.516,0.1967,25.0,6,64,KQAESTLQEPLREHVSK,R.KQAESTLQEPLREHVSK.S,R,S,XXX_sp|Q9UPS8|ANR26_HUMAN,0,1,-,6973.2,1
18732,47724,1,3,2203.988171,2204.020152,1.08,1.5156,0.1129,50.9,10,76,TASLKATEEGMHTKMSSDHK,R.TASLKATEEGM[15.9949]HTKMSSDHK.A,R,A,XXX_sp|Q9UJC3|HOOK1_HUMAN,0,1,11_V_15.994900,9101.3,2
18738,55321,1,3,2236.088171,2234.108177,0.893,1.5146,0.1414,53.9,10,80,AFGGTLGEVFFIESVQMGAFK,K.AFGGTLGEVFFIESVQMGAFK.A,K,A,XXX_sp|Q9UMZ3|PTPRQ_HUMAN,0,1,-,10253.8,1
18744,33116,1,4,1887.970894,1885.939472,0.183,1.5139,0.1689,39.8,10,96,HVSALADPPTNPQQQQR,K.HVSALADPPTNPQQQQR.S,K,S,XXX_sp|Q5TEJ8|THMS2_HUMAN,0,1,-,6958.0,1
18755,3696,1,2,913.431496,913.414125,0.0609,1.5127,0.1882,129.7,6,16,ADSPADNPK,R.ADSPADNPK.L,R,L,XXX_sp|A6NGB9|WIPF3_HUMAN,0,1,-,1956.0,2
18762,42811,1,4,1808.850894,1807.874078,1.35,1.5119,0.0024,35.8,7,90,KNYVEFVPNNGDDGIK,K.KNYVEFVPNNGDDGIK.W,K,W,XXX_sp|Q53HC5|KLH26_HUMAN,0,1,-,8377.1,4
18781,12895,1,4,1924.970894,1925.000676,0.922,1.5103,0.0677,30.0,9,102,KQTSTYATNAGFLLGPTR,R.KQTSTYATNAGFLLGPTR.I,R,I,XXX_sp|Q69YQ0|CYTSA_HUMAN,0,1,-,3667.4,6
18785,34890,1,4,2057.984011,2057.966918,0.0955,1.5099,0.1137,53.4,13,96,KVNYGGPEQFWSVMWSK,K.KVNYGGPEQFWSVM[15.9949]WSK.E,K,E,XXX_sp|O15357|SHIP2_HUMAN,0,1,14_V_15.994900,7224.8,1
18791,30884,1,5,2711.345955,2710.382713,1.19,1.5094,0.0511,33.5,12,138,GPQTGHLFVNPQFVKTELENSVNR,R.GPQTGHLFVNPQFVKTELENSVNR.D,R,D,XXX_sp|P16615|AT2A2_HUMAN,0,1,-,6622.2,1
18833,40880,1,4,2471.210894,2471.222707,0.533,1.5055,0.083,21.1,8,114,NYKPKPDICNQTEQIRPENK,K.NYKPKPDICNQTEQIRPENK.K,K,K,XXX_sp|P51816|AFF2_HUMAN,0,1,9_S_57.021464,8101.8,1
18836,41268,1,4,2705.330894,2705.363074,1.3,1.5051,0.019,21.5,8,132,AYLTIFATMFCAVITCELLSLPR,K.AYLTIFATM[15.9949]FCAVITCELLSLPR.S,K,S,XXX_sp|Q6VAB6|KSR2_HUMAN,0,1,"9_V_15.994900,11_S_57.021464,16_S_57.021464",8156.5,16
18848,55100,1,3,1992.998171,1993.030261,1.3,1.504,0.0949,60.2,11,64,TRLYLDTLKEEAPMASR,K.TRLYLDTLKEEAPMASR.K,K,K,XXX_sp|P56211|ARP19_HUMAN,0,1,-,10218.5,1
18855,13263,1,2,756.464248,756.464645,0.062,1.5035,0.2862,211.7,7,10,RLFPPK,K.RLFPPK.R,K,R,XXX_sp|Q9C0K0|BC11B_HUMAN,0,1,-,3724.5,1
18871,14414,1,2,842.486039,842.486168,0.0246,1.5015,0.262,219.7,6,12,LLLNDQK,R.LLLNDQK.V,R,V,XXX_sp|Q5SQN1|SNP47_HUMAN,0,1,-,3925.8,1
18874,37625,1,2,881.425447,881.428319,0.028,1.5013,0.0434,295.9,9,12,SFDSWLK,K.SFDSWLK.T,K,T,XXX_sp|Q86Z14|KLOTB_HUMAN,0,1,-,7623.8,1
18880,31206,1,3,1903.988171,1901.974312,0.213,1.5007,0.2064,28.6,7,64,AAQMVWKLIGDPEAVMK,K.AAQMVWKLIGDPEAVM[15.9949]K.G,K,G,XXX_sp|Q9H867|MT21D_HUMAN,0,1,16_V_15.994900,6671.2,2
18898,19485,1,3,1490.781348,1490.76503,0.26,1.499,0.0734,81.6,10,48,SVTPLNIMEKDTK,K.SVTPLNIM[15.9949]EKDTK.E,K,E,XXX_sp|Q6ZMN7|PZRN4_HUMAN,0,1,8_V_15.994900,4801.3,2
18901,2031,1,4,1454.7431,1454.737859,0.449,1.4988,0.0477,74.6,11,66,LIEHQQSPHNPR,R.LIEHQQSPHNPR.E,R,E,XXX_sp|Q5BJF6|ODFP2_HUMAN,0,1,-,1615.1,2
18904,34964,1,5,2056.063618,2056.085408,0.0341,1.4984,0.2428,29.2,9,102,TAYLRAGYNINDFARLAK,R.TAYLRAGYNINDFARLAK.S,R,S,XXX_sp|Q8IYJ1|CPNE9_HUMAN,0,1,-,7235.5,2
18906,48935,1,3,1877.888171,1877.894814,0.207,1.4981,0.0979,36.8,7,64,FTPWPYQEAAAGSPQTK,R.FTPWPYQEAAAGSPQTK.R,R,R,"XXX_sp|E9PQ53|NDUCR_HUMAN,XXX_sp|O95298|NDUC2_HUMAN",0,2,-,9282.9,1
18917,49120,1,4,2578.25483,2576.286415,0.151,1.4973,0.1812,39.8,16,150,KQDAAMTGIASSTLEGLAGREAGAQK,R.KQDAAM[15.9949]TGIASSTLEGLAGREAGAQK.L,R,L,XXX_sp|O43827|ANGL7_HUMAN,0,1,6_V_15.994900,9311.9,1
18918,20628,1,2,981.633122,981.622267,0.259,1.4972,0.0726,190.2,8,16,LAPSILQIK,K.LAPSILQIK.H,K,H,XXX_sp|Q7Z3T8|ZFY16_HUMAN,0,1,-,4977.0,2
18924,62698,1,4,2001.890894,1999.909145,0.372,1.4967,0.3638,38.0,6,90,DDDSYMRMRALDLLDR,R.DDDSYMRM[15.9949]RALDLLDR.C,R,C,XXX_sp|O15056|SYNJ2_HUMAN,0,1,8_V_15.994900,11573.1,1
18935,33379,1,6,3497.896341,3495.842911,0.0393,1.496,0.3048,16.8,8,186,KILQPEETAQGARVLICNSLSEAVASLINPMK,K.KILQPEETAQGARVLICNSLSEAVASLINPM[15.9949]K.H,K,H,XXX_sp|Q63HN8|RN213_HUMAN,0,1,"17_S_57.021464,31_V_15.994900",7000.1,1
18950,62614,1,3,1580.888171,1580.87871,0.667,1.4949,0.1231,58.5,10,64,IPLAGHPAGHSGAGVLK,K.IPLAGHPAGHSGAGVLK.T,K,T,XXX_sp|Q9P2D3|HTR5B_HUMAN,0,1,-,11556.0,3
18953,27197,1,3,1762.831329,1760.811812,0.1,1.4945,0.163,54.9,9,56,KTTSPEGDWEAWAQR,R.KTTSPEGDWEAWAQR.Y,R,Y,XXX_sp|O43909|EXTL3_HUMAN,0,1,-,6037.7,1
18967,32394,1,2,1474.745447,1473.768825,0.098,1.4925,0.2594,56.2,5,24,VRGADYNSLINPR,K.VRGADYNSLINPR.H,K,H,XXX_sp|Q53GL0|PKHO1_HUMAN,0,1,-,6844.1,4
18978,1976,1,4,1747.816072,1746.799533,1.99,1.4918,0.0052,57.1,10,84,NSKGFTMSDTIYNNR,R.NSKGFTMSDTIYNNR.L,R,L,XXX_sp|Q63HN8|RN213_HUMAN,0,1,-,1608.2,7
18985,46982,1,4,1957.039159,1957.045517,1.38,1.491,0.0478,60.1,12,96,ILTSHEKEQLVMAHPPK,-.ILTSHEKEQLVMAHPPK.L,-,L,XXX_sp|Q93086|P2RX5_HUMAN,0,1,-,8990.9,1
18987,6077,1,2,1078.507609,1078.501168,0.056,1.491,0.2332,184.7,6,16,QRQMGNAMK,R.QRQMGNAM[15.9949]K.T,R,T,XXX_sp|Q6ZMJ2|SCAR5_HUMAN,0,1,8_V_15.994900,2411.4,1
19001,58134,1,3,2349.098171,2347.116119,0.0866,1.4902,0.2891,49.6,9,76,KGSGEDMHQLCILEVVHSHR,K.KGSGEDM[15.9949]HQLCILEVVHSHR.T,K,T,XXX_sp|O75335|LIPA4_HUMAN,0,1,"7_V_15.994900,11_S_57.021464",10719.6,1
19002,56801,1,2,1377.798607,1375.800977,0.0856,1.4902,0.2515,190.8,8,22,FISARLNLAMLK,K.FISARLNLAMLK.C,K,C,XXX_sp|Q9HCL0|PCD18_HUMAN,0,1,-,10501.6,1
19046,27056,1,3,1878.878171,1877.905395,0.0968,1.4864,0.1976,42.4,9,72,RSAPSSMLAGASGPFESAR,K.RSAPSSMLAGASGPFESAR.K,K,K,XXX_sp|Q9UII4|HERC5_HUMAN,0,1,-,6015.9,2
19068,19510,1,3,1590.819105,1589.816169,0.143,1.4842,0.0022,108.9,12,52,FASKQTREPDQGVK,K.FASKQTREPDQGVK.E,K,E,XXX_sp|P55316|FOXG1_HUMAN,0,1,-,4804.6,2
19102,25751,1,5,1948.963618,1946.977163,0.252,1.4817,0.0555,62.9,12,102,DLEAVCPVEPPLGVAPER,R.DLEAVCPVEPPLGVAPER.I,R,I,XXX_sp|Q8WXG9|AGRV1_HUMAN,0,1,6_S_57.021464,5806.7,1
19117,23212,1,2,1447.805447,1447.814713,0.0286,1.4801,0.3028,35.5,5,26,KSTAASNGVFLVVR,R.KSTAASNGVFLVVR.D,R,D,XXX_sp|Q6VAB6|KSR2_HUMAN,0,1,-,5397.9,2
19122,66480,1,2,981.663752,981.658653,0.0184,1.4799,0.3385,166.4,7,16,KISAIPLIK,K.KISAIPLIK.L,K,L,XXX_sp|P55209|NP1L1_HUMAN,0,1,-,12405.3,1
19133,51591,1,4,2867.370894,2866.351066,0.694,1.4794,0.1132,24.4,10,150,CLSVVSVPNTESEKMNAIDLCGNVSK,K.CLSVVSVPNTESEKM[15.9949]NAIDLCGNVSK.V,K,V,XXX_sp|O60486|PLXC1_HUMAN,0,1,"1_S_57.021464,15_V_15.994900,21_S_57.021464",9681.8,2
19148,52612,1,2,1203.665447,1203.65331,0.301,1.4783,0.0281,144.7,8,20,SIELACASLIK,K.SIELACASLIK.N,K,N,XXX_sp|Q03001|DYST_HUMAN,0,1,6_S_57.021464,9841.3,2
19150,5026,1,4,1565.714617,1565.687917,0.0656,1.478,0.2043,88.8,14,84,KESSTMTYSSSSSGK,R.KESSTMTYSSSSSGK.A,R,A,XXX_sp|Q9GZR7|DDX24_HUMAN,0,1,-,2211.5,1
19153,31251,1,2,1300.645447,1299.657149,0.0914,1.4777,0.0441,53.3,8,20,LSDHPYRDGLK,K.LSDHPYRDGLK.L,K,L,XXX_sp|P20020|AT2B1_HUMAN,0,1,-,6677.6,2
19205,47638,1,4,2427.250894,2427.216936,0.0462,1.4739,0.2406,27.9,12,126,LTIEKDYVNSVSAGEALTFQDK,R.LTIEKDYVNSVSAGEALTFQDK.G,R,G,XXX_sp|Q8TEW8|PAR3L_HUMAN,0,1,-,9089.1,2
19228,44094,1,3,2058.068171,2056.033935,0.247,1.472,0.0289,43.3,9,68,LNPNLGFPYLYGVISDMK,K.LNPNLGFPYLYGVISDM[15.9949]K.G,K,G,XXX_sp|Q9NQ66|PLCB1_HUMAN,0,1,17_V_15.994900,8561.5,5
19233,17805,1,2,1099.623934,1099.623724,1.12,1.4717,0.1075,190.6,8,16,EINNKIELK,K.EINNKIELK.R,K,R,XXX_sp|Q13610|PWP1_HUMAN,0,1,-,4500.4,1
